review_date,reviewer,page_key,page_title,page_type,url_slug,decision,notes,risks_or_blockers,follow_up_owner,seo_title,meta_description,primary_cta,reading_target
,,pestsTopic,Healthy Housing and Vector Control,Agency,sf.gov/topic-healthy-housing-and-vector-control,Needs review,,,,Healthy Housing and Vector Control | SF.gov,"Report pest, vector, and housing health problems, get tenant help, and find owner resources from Healthy Housing and Vector Control.",,Grade 6
,,healthyHousingTopic,Healthy housing conditions,Topic,sf.gov/topics--healthy-housing-conditions,Needs review,,,,Healthy housing conditions | SF.gov,"Report housing health issues, find services and resources, and learn how San Francisco protects healthy housing conditions.",Start a report,Grade 6
,,aboutHhvcTeam,Healthy Housing and Vector Control,About us,sf.gov/topic-healthy-housing-and-vector-control--about,Needs review,,,,About Healthy Housing and Vector Control | SF.gov,"Learn who the Healthy Housing and Vector Control team is, what they do, and how the program is organized.",,Grade 6
,,rodentsReport,"Report rats, mice, and other four-legged problems",Transaction,sf.gov/report-rats-mice-four-legged-problems,Needs review,,,,"Report rats, mice, and other four-legged problems | SF.gov","Report rats, mice, raccoons, bats, or other four-legged pest problems in San Francisco.",Report through 311,Grade 6
,,filthReport,"Report garbage, filth, and overgrown vegetation",Transaction,sf.gov/report-garbage-filth-vegetation,Needs review,,,,"Report garbage, filth, and overgrown vegetation | SF.gov","Report garbage, clutter, mold, animal waste, pigeon problems, or overgrown vegetation in San Francisco.",Report through 311,Grade 6
,,insectsReport,"Report cockroaches, mosquitoes, and other insects",Transaction,sf.gov/report-cockroaches-mosquitoes-insects,Needs review,,SME-blocked: confirm the dead-bird external routing to the State West Nile virus program matches the current HHVC/CDPH collection workflow,,"Report cockroaches, mosquitoes, and other insects | SF.gov","Report cockroaches, bed bugs, mosquitoes, flies, wasps, or other insect problems in San Francisco.",Report through 311,Grade 6
,,sroHotelReport,Report a problem in an SRO or hotel,Transaction,sf.gov/report-problem-sro-hotel,Needs review,,,,Report a problem in an SRO or hotel | SF.gov,"Report a pest, garbage, or housing health problem in a San Francisco SRO, residential hotel, or shelter.",Report through 311,Grade 6
,,recordsHub,Look up building records,Resource Collection,sf.gov/look-up-building-records,Needs review,,,,Look up building records | SF.gov,"Find HHVC inspection records, violations, and public records for San Francisco buildings.",,Grade 7
,,findRecords,Find complaints and inspection records,Transaction,sf.gov/find-complaints-and-inspection-records,Needs review,,,,Find complaints and inspection records | SF.gov,Search Environmental Health complaint and inspection records for a San Francisco building address.,Open lookup tool,Grade 7
,,findViolations,Look up residential health code violations,Transaction,sf.gov/lookup-residential-health-code-violations,Needs review,,,,Look up residential health code violations | SF.gov,Search residential health code violations and inspection history for San Francisco buildings.,Search violations,Grade 7
,,findHotelRecords,Find residential hotel and shelter records,Transaction,sf.gov/find-residential-hotel-and-shelter-records,Needs review,,,,Find residential hotel and shelter records | SF.gov,"Look up Environmental Health records for San Francisco residential hotels, SROs, and shelters.",Open hotel lookup,Grade 7
,,inspectorLookup,Find your Healthy Housing inspector by neighborhood,Transaction,sf.gov/find-healthy-housing-inspector-by-neighborhood,Needs review,,,,Find your Healthy Housing inspector by neighborhood | SF.gov,Look up which Healthy Housing and Vector Control inspector covers your San Francisco neighborhood.,Find your inspector,Grade 7
,,publicRecords,Make a public records request,Transaction,sf.gov/make-a-public-records-request-environmental-health,Needs review,,,,Make a public records request | SF.gov,Request Environmental Health public records through the citywide San Francisco public records portal.,Request records,Grade 7
,,ownerHub,Property owner responsibilities,Resource Collection,sf.gov/property-owner-responsibilities-hhvc,Needs review,,,,Property owner responsibilities | SF.gov,"Owner and manager duties for pests, vectors, and housing health under San Francisco Health Code Article 11.",,Grade 7
,,noticeOfViolation,Fix your Healthy Housing and Vector Control violation,Transaction,sf.gov/step-by-step--fix-healthy-housing-and-vector-control-violation,Needs review,,,,Fix your Healthy Housing and Vector Control violation | SF.gov,Follow a Healthy Housing and Vector Control Notice of Violation to correct housing or pest conditions.,,Grade 7
,,tenantNoticeSteps,What tenants need to do after a Notice of Violation,Transaction,sf.gov/step-by-step--tenant-steps-after-notice-of-violation,Needs review,,,,What tenants need to do after a Notice of Violation | SF.gov,Learn what to do as a tenant after a Healthy Housing and Vector Control Notice of Violation.,,Grade 6
,,inspectionPrepFollowup,Get ready for a follow-up inspection,Transaction,sf.gov/step-by-step--get-ready-for-a-follow-up-inspection,Needs review,,,,Get ready for a follow-up inspection | SF.gov,Prepare for a Healthy Housing and Vector Control follow-up inspection after a Notice of Violation.,,Grade 6
,,payFee,Pay your annual Healthy Housing fee for apartment buildings,Transaction,sf.gov/pay-your-annual-healthy-housing-fee-apartment-buildings,Needs review,,,,Pay your Healthy Housing fee | SF.gov,Pay your annual Healthy Housing fee for a San Francisco apartment building with 3 or more rental units.,Pay your Healthy Housing fee online,Grade 7
,,scopeInfo,Learn what Healthy Housing and Vector Control can inspect,Information,sf.gov/information/learn-what-hhvc-can-inspect,Needs review,,,,Learn what HHVC can inspect,"Check whether HHVC may review a pest, vector, or housing health condition.",,Grade 7
,,article11Compliance,Article 11 compliance for property owners,Information,sf.gov/information--article-11-compliance-for-property-owners,Needs review,,,,Article 11 compliance for property owners | SF.gov,"What property owners and managers must do to comply with Health Code Article 11 — fees, response times, and required actions.",,Grade 7
,,article11Guide,Health Code Article 11 in plain language,Report,sf.gov/report/health-code-article-11-plain-language,Needs review,,,,Health Code Article 11 in plain language,"Plain-language explanations of San Francisco Health Code Article 11 rules for garbage, pests, mold, rodents, and other public health nuisances.","Report garbage, mold, or trash",Grade 7
,,ownerGuidance,Integrated pest management for property owners and managers,Information,sf.gov/information/integrated-pest-management-for-property-owners-and-managers,Needs review,,"Use rodent-proof materials as enforceable concept; examples may include steel wool with sealant, hardware cloth, copper mesh, sheet metal, mortar, or concrete",,IPM for property owners and managers | SF.gov,"IPM for SF property owners and managers. UC ANR templates for prevention, monitoring, and resident outreach.",,Grade 7
,,verminResources,Healthy housing and pest resources,Resource Collection,sf.gov/resource--healthy-housing-and-vermin-information,Needs review,,,,Healthy housing and pest resources | SF.gov,"Find healthy-home guides, pest-treatment resources, forms, and prevention information for San Francisco homes and buildings.",,Grade 6
,,afterReport,What happens after you report a housing or pest problem,Information,sf.gov/information/what-happens-after-you-report-housing-pest-problem,Needs review,,,,What happens after you report | SF.gov,Learn what may happen after a 311 report about a housing or pest problem is sent to Environmental Health.,,Grade 7
,,inspectionPrepInitial,Get ready for a housing inspection after you report,Transaction,sf.gov/step-by-step--get-ready-for-a-housing-inspection,Needs review,,,,Get ready for a housing inspection after you report | SF.gov,Prepare for a Healthy Housing and Vector Control inspection after you file a 311 report.,,Grade 6
,,tenantRights,Tenant rights when reporting housing conditions,Information,sf.gov/information/tenant-rights-and-reporting-housing-conditions,Needs review,,,,Tenant rights when reporting housing conditions | SF.gov,Tenant protections and help if you are worried about retaliation after reporting housing conditions.,,Grade 7
,,mosquitoControl,Mosquito Control Program,Information,sf.gov/mosquito-control-program,Needs review,,SME-blocked: confirm the dead-bird external routing to the State West Nile virus program matches the current HHVC/CDPH collection workflow,,Mosquito Control Program | SF.gov,"San Francisco mosquito control, catch-basin treatment, and how to report standing water or mosquito activity.",,Grade 7
,,mosquitoWorkshop,Free mosquito education workshop,Campaign,sf.gov/mosquito-education-workshop,Needs review,,SME-blocked: confirm the dead-bird external routing to the State West Nile virus program matches the current HHVC/CDPH collection workflow,,Free mosquito education workshop | SF.gov,Request a free HHVC mosquito science workshop with microscopes and live larvae for San Francisco schools.,Request a workshop online,Grade 7
,,ipmEducation,Free IPM education workshop,Campaign,sf.gov/integrated-pest-management-education,Needs review,,,,Free IPM education workshop | SF.gov,Request a free integrated pest management (IPM) education session for tenant groups and community organizations in San Francisco.,Request through 311,Grade 6
